Gene,Feature,Feature_type,Consequence,chr,pos,cDNA_position,CDS_position,Protein_position,ref,alt,Codons,Amino_acids,gnomAD_AF,UKB_AF
ENSG00000256269,ENST00000652429,Transcript,missense_variant,chr11,119085037,157,4,2,T,C,Tct/Cct,S/P,7.97e-06,4e-06
ENSG00000256269,ENST00000652429,Transcript,missense_variant,chr11,119085038,158,5,2,C,T,tCt/tTt,S/F,,1e-06
ENSG00000256269,ENST00000652429,Transcript,missense_variant,chr11,119085046,166,13,5,G,A,Ggc/Agc,G/S,,1e-06
ENSG00000256269,ENST00000652429,Transcript,missense_variant,chr11,119085053,173,20,7,C,A,gCg/gAg,A/E,3.99e-06,2e-06
ENSG00000256269,ENST00000652429,Transcript,missense_variant,chr11,119085056,176,23,8,C,T,gCt/gTt,A/V,,3e-06
ENSG00000256269,ENST00000652429,Transcript,missense_variant,chr11,119085058,178,25,9,G,C,Gca/Cca,A/P,,5e-06
ENSG00000256269,ENST00000652429,Transcript,missense_variant,chr11,119085059,179,26,9,C,A,gCa/gAa,A/E,3.6e-05,0.000287
ENSG00000256269,ENST00000652429,Transcript,missense_variant,chr11,119085062,182,29,10,C,T,aCg/aTg,T/M,1.2e-05,4e-06
ENSG00000256269,ENST00000652429,Transcript,"missense_variant,splice_region_variant",chr11,119085064,184,31,11,G,A,Gcg/Acg,A/T,0.0001281,4.4e-05
ENSG00000256269,ENST00000652429,Transcript,"missense_variant,splice_region_variant",chr11,119088256,188,35,12,A,C,gAa/gCa,E/A,3.58e-05,2.9e-05
ENSG00000256269,ENST00000652429,Transcript,missense_variant,chr11,119088268,200,47,16,C,G,cCa/cGa,P/R,3.98e-06,1e-06
ENSG00000256269,ENST00000652429,Transcript,missense_variant,chr11,119088271,203,50,17,A,C,aAg/aCg,K/T,,1e-06
ENSG00000256269,ENST00000652429,Transcript,missense_variant,chr11,119088273,205,52,18,A,G,Atg/Gtg,M/V,,1e-06
ENSG00000256269,ENST00000652429,Transcript,missense_variant,chr11,119088285,217,64,22,C,T,Cgc/Tgc,R/C,1.59e-05,3.6e-05
ENSG00000256269,ENST00000652429,Transcript,missense_variant,chr11,119088286,218,65,22,G,A,cGc/cAc,R/H,4.38e-05,1.5e-05
ENSG00000256269,ENST00000652429,Transcript,missense_variant,chr11,119088292,224,71,24,G,C,gGt/gCt,G/A,,2e-06
ENSG00000256269,ENST00000652429,Transcript,missense_variant,chr11,119088298,230,77,26,G,A,cGc/cAc,R/H,,1e-06
ENSG00000256269,ENST00000652429,Transcript,missense_variant,chr11,119088302,234,81,27,G,C,aaG/aaC,K/N,,1e-06
ENSG00000256269,ENST00000652429,Transcript,missense_variant,chr11,119088638,244,91,31,G,C,Gct/Cct,A/P,,2e-06
ENSG00000256269,ENST00000652429,Transcript,missense_variant,chr11,119088641,247,94,32,C,T,Cgc/Tgc,R/C,1.19e-05,2.9e-05
ENSG00000256269,ENST00000652429,Transcript,missense_variant,chr11,119088642,248,95,32,G,A,cGc/cAc,R/H,2.78e-05,1e-06
ENSG00000256269,ENST00000652429,Transcript,missense_variant,chr11,119088644,250,97,33,A,G,Ata/Gta,I/V,,1e-06
ENSG00000256269,ENST00000652429,Transcript,missense_variant,chr11,119088651,257,104,35,C,T,aCg/aTg,T/M,,1e-06
ENSG00000256269,ENST00000652429,Transcript,missense_variant,chr11,119088678,284,131,44,C,T,gCc/gTc,A/V,3.98e-06,1e-06
ENSG00000256269,ENST00000652429,Transcript,missense_variant,chr11,119088695,301,148,50,C,A,Cag/Aag,Q/K,,1e-06
ENSG00000256269,ENST00000652429,Transcript,missense_variant,chr11,119088696,302,149,50,A,G,cAg/cGg,Q/R,1.59e-05,3e-06
ENSG00000256269,ENST00000652429,Transcript,missense_variant,chr11,119088702,308,155,52,A,G,gAa/gGa,E/G,,1e-06
ENSG00000256269,ENST00000652429,Transcript,"missense_variant,splice_region_variant",chr11,119088707,313,160,54,A,C,Att/Ctt,I/L,8.35e-05,4.3e-05
ENSG00000256269,ENST00000652429,Transcript,"missense_variant,splice_region_variant",chr11,119089084,316,163,55,G,T,Gct/Tct,A/S,,1e-06
ENSG00000256269,ENST00000652429,Transcript,missense_variant,chr11,119089087,319,166,56,A,G,Atg/Gtg,M/V,3.98e-06,2.1e-05
ENSG00000256269,ENST00000652429,Transcript,missense_variant,chr11,119089091,323,170,57,C,T,tCc/tTc,S/F,,1e-05
ENSG00000256269,ENST00000652429,Transcript,missense_variant,chr11,119089094,326,173,58,C,G,aCc/aGc,T/S,,3e-06
ENSG00000256269,ENST00000652429,Transcript,missense_variant,chr11,119089097,329,176,59,C,T,aCa/aTa,T/I,0.0001113,2.9e-05
ENSG00000256269,ENST00000652429,Transcript,missense_variant,chr11,119089102,334,181,61,G,A,Gac/Aac,D/N,,1e-06
ENSG00000256269,ENST00000652429,Transcript,missense_variant,chr11,119089105,337,184,62,A,C,Aag/Cag,K/Q,,1e-06
ENSG00000256269,ENST00000652429,Transcript,missense_variant,chr11,119089118,350,197,66,C,T,aCt/aTt,T/I,,1e-06
ENSG00000256269,ENST00000652429,Transcript,missense_variant,chr11,119089127,359,206,69,C,G,tCt/tGt,S/C,,1e-06
ENSG00000256269,ENST00000652429,Transcript,"missense_variant,splice_region_variant",chr11,119089218,365,212,71,T,C,aTt/aCt,I/T,7.95e-06,2e-06
ENSG00000256269,ENST00000652429,Transcript,missense_variant,chr11,119089220,367,214,72,G,A,Gga/Aga,G/R,2.39e-05,3e-06
ENSG00000256269,ENST00000652429,Transcript,missense_variant,chr11,119089227,374,221,74,A,G,aAa/aGa,K/R,,1e-06
ENSG00000256269,ENST00000652429,Transcript,missense_variant,chr11,119089236,383,230,77,T,A,tTt/tAt,F/Y,,1e-06
ENSG00000256269,ENST00000652429,Transcript,missense_variant,chr11,119089239,386,233,78,C,G,aCc/aGc,T/S,,1e-06
ENSG00000256269,ENST00000652429,Transcript,missense_variant,chr11,119089242,389,236,79,A,C,aAg/aCg,K/T,,2e-06
ENSG00000256269,ENST00000652429,Transcript,missense_variant,chr11,119089247,394,241,81,C,T,Ctt/Ttt,L/F,3.98e-06,5e-06
ENSG00000256269,ENST00000652429,Transcript,missense_variant,chr11,119089256,403,250,84,G,A,Gcc/Acc,A/T,,2e-06
ENSG00000256269,ENST00000652429,Transcript,missense_variant,chr11,119089257,404,251,84,C,T,gCc/gTc,A/V,,1e-06
ENSG00000256269,ENST00000652429,Transcript,missense_variant,chr11,119089262,409,256,86,G,A,Gag/Aag,E/K,3.98e-06,4e-06
ENSG00000256269,ENST00000652429,Transcript,missense_variant,chr11,119089263,410,257,86,A,T,gAg/gTg,E/V,0.000831,0.000191
ENSG00000256269,ENST00000652429,Transcript,"missense_variant,splice_region_variant",chr11,119089684,421,268,90,G,A,Gtg/Atg,V/M,,1e-06
ENSG00000256269,ENST00000652429,Transcript,missense_variant,chr11,119089714,451,298,100,C,G,Ctg/Gtg,L/V,,2e-06
ENSG00000256269,ENST00000652429,Transcript,missense_variant,chr11,119089721,458,305,102,C,T,aCt/aTt,T/I,3.99e-06,2e-06
ENSG00000256269,ENST00000652429,Transcript,missense_variant,chr11,119089723,460,307,103,G,A,Gtg/Atg,V/M,,4e-06
ENSG00000256269,ENST00000652429,Transcript,missense_variant,chr11,119089727,464,311,104,T,C,cTt/cCt,L/P,,1e-06
ENSG00000256269,ENST00000652429,Transcript,missense_variant,chr11,119089739,476,323,108,T,G,tTc/tGc,F/C,,2e-06
ENSG00000256269,ENST00000652429,Transcript,missense_variant,chr11,119089744,481,328,110,A,G,Atc/Gtc,I/V,,9e-06
ENSG00000256269,ENST00000652429,Transcript,missense_variant,chr11,119089751,488,335,112,C,A,gCc/gAc,A/D,,1e-06
ENSG00000256269,ENST00000652429,Transcript,"missense_variant,splice_region_variant",chr11,119089992,500,347,116,G,A,cGg/cAg,R/Q,3.98e-06,7e-06
ENSG00000256269,ENST00000652429,Transcript,stop_gained,chr11,119089994,502,349,117,G,T,Gaa/Taa,E/*,,1e-06
ENSG00000256269,ENST00000652429,Transcript,missense_variant,chr11,119089995,503,350,117,A,C,gAa/gCa,E/A,,1e-06
ENSG00000256269,ENST00000652429,Transcript,missense_variant,chr11,119089997,505,352,118,A,G,Aac/Gac,N/D,,3e-06
ENSG00000256269,ENST00000652429,Transcript,missense_variant,chr11,119090005,513,360,120,T,A,caT/caA,H/Q,,1e-06
ENSG00000256269,ENST00000652429,Transcript,missense_variant,chr11,119090012,520,367,123,G,A,Gtt/Att,V/I,,3e-06
ENSG00000256269,ENST00000652429,Transcript,missense_variant,chr11,119090016,524,371,124,T,C,gTc/gCc,V/A,,1e-06
ENSG00000256269,ENST00000652429,Transcript,missense_variant,chr11,119090041,549,396,132,G,C,aaG/aaC,K/N,1.19e-05,3.3e-05
ENSG00000256269,ENST00000652429,Transcript,missense_variant,chr11,119090043,551,398,133,C,T,aCc/aTc,T/I,,1e-06
ENSG00000256269,ENST00000652429,Transcript,missense_variant,chr11,119090058,566,413,138,C,T,cCa/cTa,P/L,,2e-06
ENSG00000256269,ENST00000652429,Transcript,missense_variant,chr11,119090194,580,427,143,G,A,Gtg/Atg,V/M,3.98e-06,7e-06
ENSG00000256269,ENST00000652429,Transcript,missense_variant,chr11,119090219,605,452,151,C,T,gCa/gTa,A/V,,5e-06
ENSG00000256269,ENST00000652429,Transcript,missense_variant,chr11,119090239,625,472,158,T,G,Ttc/Gtc,F/V,,1e-06
ENSG00000256269,ENST00000652429,Transcript,missense_variant,chr11,119090243,629,476,159,C,T,cCg/cTg,P/L,1.99e-05,2.4e-05
ENSG00000256269,ENST00000652429,Transcript,missense_variant,chr11,119090246,632,479,160,A,G,cAt/cGt,H/R,,2e-06
ENSG00000256269,ENST00000652429,Transcript,missense_variant,chr11,119090257,643,490,164,A,G,Agg/Ggg,R/G,7.56e-05,8e-05
ENSG00000256269,ENST00000652429,Transcript,missense_variant,chr11,119090259,645,492,164,G,T,agG/agT,R/S,7.95e-06,8.6e-05
ENSG00000256269,ENST00000652429,Transcript,"missense_variant,splice_region_variant",chr11,119091413,652,499,167,C,T,Cgg/Tgg,R/W,3.84e-05,1e-05
ENSG00000256269,ENST00000652429,Transcript,"missense_variant,splice_region_variant",chr11,119091414,653,500,167,G,A,cGg/cAg,R/Q,4.48e-05,7.6e-05
ENSG00000256269,ENST00000652429,Transcript,missense_variant,chr11,119091416,655,502,168,G,A,Gga/Aga,G/R,,1e-06
ENSG00000256269,ENST00000652429,Transcript,missense_variant,chr11,119091419,658,505,169,A,G,Aac/Gac,N/D,,1e-06
ENSG00000256269,ENST00000652429,Transcript,missense_variant,chr11,119091420,659,506,169,A,G,aAc/aGc,N/S,,9e-06
ENSG00000256269,ENST00000652429,Transcript,missense_variant,chr11,119091431,670,517,173,C,T,Cgg/Tgg,R/W,1.28e-05,4e-06
ENSG00000256269,ENST00000652429,Transcript,missense_variant,chr11,119091432,671,518,173,G,A,cGg/cAg,R/Q,,2e-06
ENSG00000256269,ENST00000652429,Transcript,missense_variant,chr11,119091437,676,523,175,C,T,Cgg/Tgg,R/W,3.2e-05,3.2e-05
ENSG00000256269,ENST00000652429,Transcript,missense_variant,chr11,119091438,677,524,175,G,A,cGg/cAg,R/Q,6.39e-06,5e-06
ENSG00000256269,ENST00000652429,Transcript,missense_variant,chr11,119091446,685,532,178,G,A,Gac/Aac,D/N,0.0004987,9e-05
ENSG00000256269,ENST00000652429,Transcript,missense_variant,chr11,119091449,688,535,179,G,A,Gag/Aag,E/K,6.4e-06,3e-06
ENSG00000256269,ENST00000652429,Transcript,missense_variant,chr11,119091465,704,551,184,G,A,aGt/aAt,S/N,,2e-06
ENSG00000256269,ENST00000652429,Transcript,missense_variant,chr11,119091470,709,556,186,A,G,Atc/Gtc,I/V,6.39e-06,1e-06
ENSG00000256269,ENST00000652429,Transcript,missense_variant,chr11,119091471,710,557,186,T,C,aTc/aCc,I/T,,1e-06
ENSG00000256269,ENST00000652429,Transcript,missense_variant,chr11,119091483,722,569,190,C,T,aCa/aTa,T/I,3.84e-05,2e-06
ENSG00000256269,ENST00000652429,Transcript,missense_variant,chr11,119091486,725,572,191,C,T,gCt/gTt,A/V,6.4e-06,8e-06
ENSG00000256269,ENST00000652429,Transcript,stop_gained,chr11,119091494,733,580,194,C,T,Cag/Tag,Q/*,,1e-06
ENSG00000256269,ENST00000652429,Transcript,missense_variant,chr11,119091497,736,583,195,C,T,Cgc/Tgc,R/C,6.4e-06,5e-06
ENSG00000256269,ENST00000652429,Transcript,missense_variant,chr11,119091498,737,584,195,G,A,cGc/cAc,R/H,0.0,7e-06
ENSG00000256269,ENST00000652429,Transcript,missense_variant,chr11,119091501,740,587,196,T,C,aTg/aCg,M/T,,1e-06
ENSG00000256269,ENST00000652429,Transcript,missense_variant,chr11,119091502,741,588,196,G,A,atG/atA,M/I,,1e-06
ENSG00000256269,ENST00000652429,Transcript,missense_variant,chr11,119091515,754,601,201,C,T,Cgg/Tgg,R/W,2.57e-05,1.6e-05
ENSG00000256269,ENST00000652429,Transcript,missense_variant,chr11,119091516,755,602,201,G,A,cGg/cAg,R/Q,,2e-06
ENSG00000256269,ENST00000652429,Transcript,missense_variant,chr11,119091518,757,604,202,G,T,Gtg/Ttg,V/L,1.93e-05,1e-06
ENSG00000256269,ENST00000652429,Transcript,"missense_variant,splice_region_variant",chr11,119092125,766,613,205,A,G,Atc/Gtc,I/V,,1e-06
ENSG00000256269,ENST00000652429,Transcript,missense_variant,chr11,119092134,775,622,208,C,A,Cct/Act,P/T,,1e-06
ENSG00000256269,ENST00000652429,Transcript,missense_variant,chr11,119092137,778,625,209,G,A,Gag/Aag,E/K,3.98e-06,1e-06
ENSG00000256269,ENST00000652429,Transcript,missense_variant,chr11,119092146,787,634,212,A,G,Atg/Gtg,M/V,3.98e-06,1e-06
ENSG00000256269,ENST00000652429,Transcript,missense_variant,chr11,119092148,789,636,212,G,A,atG/atA,M/I,3.98e-06,2e-06
ENSG00000256269,ENST00000652429,Transcript,missense_variant,chr11,119092158,799,646,216,G,A,Ggc/Agc,G/S,,3e-06
ENSG00000256269,ENST00000652429,Transcript,missense_variant,chr11,119092408,809,656,219,C,T,gCc/gTc,A/V,2.39e-05,3e-06
ENSG00000256269,ENST00000652429,Transcript,missense_variant,chr11,119092416,817,664,222,G,A,Gtg/Atg,V/M,1.19e-05,2e-06
ENSG00000256269,ENST00000652429,Transcript,stop_gained,chr11,119092425,826,673,225,C,T,Cga/Tga,R/*,,1e-06
ENSG00000256269,ENST00000652429,Transcript,missense_variant,chr11,119092426,827,674,225,G,A,cGa/cAa,R/Q,0.0001671,0.000445
ENSG00000256269,ENST00000652429,Transcript,missense_variant,chr11,119092428,829,676,226,G,A,Gcc/Acc,A/T,1.19e-05,6.4e-05
ENSG00000256269,ENST00000652429,Transcript,missense_variant,chr11,119092431,832,679,227,A,G,Aag/Gag,K/E,,1e-06
ENSG00000256269,ENST00000652429,Transcript,missense_variant,chr11,119092440,841,688,230,G,T,Gac/Tac,D/Y,7.95e-06,4e-05
ENSG00000256269,ENST00000652429,Transcript,missense_variant,chr11,119092442,843,690,230,C,G,gaC/gaG,D/E,1.59e-05,3e-06
ENSG00000256269,ENST00000652429,Transcript,missense_variant,chr11,119092443,844,691,231,A,C,Atc/Ctc,I/L,,1e-06
ENSG00000256269,ENST00000652429,Transcript,missense_variant,chr11,119092444,845,692,231,T,C,aTc/aCc,I/T,,1e-05
ENSG00000256269,ENST00000652429,Transcript,missense_variant,chr11,119092446,847,694,232,T,G,Ttg/Gtg,L/V,,1e-06
ENSG00000256269,ENST00000652429,Transcript,missense_variant,chr11,119092447,848,695,232,T,G,tTg/tGg,L/W,,1e-06
ENSG00000256269,ENST00000652429,Transcript,missense_variant,chr11,119092459,860,707,236,G,A,gGt/gAt,G/D,,1e-06
ENSG00000256269,ENST00000652429,Transcript,missense_variant,chr11,119092461,862,709,237,G,A,Gtg/Atg,V/M,3.98e-06,1e-06
ENSG00000256269,ENST00000652429,Transcript,missense_variant,chr11,119092470,871,718,240,G,A,Gat/Aat,D/N,7.96e-06,7e-06
ENSG00000256269,ENST00000652429,Transcript,missense_variant,chr11,119092476,877,724,242,G,A,Gag/Aag,E/K,3.18e-05,6.5e-05
ENSG00000256269,ENST00000652429,Transcript,missense_variant,chr11,119092485,886,733,245,C,G,Ctt/Gtt,L/V,,1e-06
ENSG00000256269,ENST00000652429,Transcript,missense_variant,chr11,119092489,890,737,246,G,A,cGc/cAc,R/H,3.58e-05,9e-05
ENSG00000256269,ENST00000652429,Transcript,missense_variant,chr11,119092494,895,742,248,A,G,Atc/Gtc,I/V,,1e-06
ENSG00000256269,ENST00000652429,Transcript,missense_variant,chr11,119092497,898,745,249,G,A,Gct/Act,A/T,1.19e-05,3.5e-05
ENSG00000256269,ENST00000652429,Transcript,missense_variant,chr11,119092516,917,764,255,G,A,aGg/aAg,R/K,3.98e-06,1e-06
ENSG00000256269,ENST00000652429,Transcript,missense_variant,chr11,119092517,918,765,255,G,C,agG/agC,R/S,,3e-06
ENSG00000256269,ENST00000652429,Transcript,missense_variant,chr11,119092519,920,767,256,A,G,cAc/cGc,H/R,,4e-06
ENSG00000256269,ENST00000652429,Transcript,"missense_variant,splice_region_variant",chr11,119092758,925,772,258,G,A,Gaa/Aaa,E/K,,1e-06
ENSG00000256269,ENST00000652429,Transcript,missense_variant,chr11,119092765,932,779,260,G,A,gGc/gAc,G/D,,1e-06
ENSG00000256269,ENST00000652429,Transcript,missense_variant,chr11,119092774,941,788,263,T,C,gTg/gCg,V/A,,1e-06
ENSG00000256269,ENST00000652429,Transcript,missense_variant,chr11,119092780,947,794,265,T,C,gTa/gCa,V/A,7.95e-06,3e-06
ENSG00000256269,ENST00000652429,Transcript,missense_variant,chr11,119092785,952,799,267,G,A,Gtg/Atg,V/M,,3e-06
ENSG00000256269,ENST00000652429,Transcript,missense_variant,chr11,119092788,955,802,268,C,T,Cat/Tat,H/Y,,1e-06
ENSG00000256269,ENST00000652429,Transcript,missense_variant,chr11,119092792,959,806,269,C,T,aCa/aTa,T/I,,2e-06
ENSG00000256269,ENST00000652429,Transcript,missense_variant,chr11,119092801,968,815,272,A,C,aAg/aCg,K/T,3.98e-06,7e-06
ENSG00000256269,ENST00000652429,Transcript,missense_variant,chr11,119092803,970,817,273,G,A,Gat/Aat,D/N,3.98e-06,1e-06
ENSG00000256269,ENST00000652429,Transcript,missense_variant,chr11,119092804,971,818,273,A,G,gAt/gGt,D/G,7.95e-06,3e-06
ENSG00000256269,ENST00000652429,Transcript,missense_variant,chr11,119092942,986,833,278,T,C,cTg/cCg,L/P,,1e-06
ENSG00000256269,ENST00000652429,Transcript,missense_variant,chr11,119092950,994,841,281,G,A,Gga/Aga,G/R,,1e-06
ENSG00000256269,ENST00000652429,Transcript,missense_variant,chr11,119092953,997,844,282,G,C,Gtc/Ctc,V/L,7.95e-06,0.000122
ENSG00000256269,ENST00000652429,Transcript,missense_variant,chr11,119092959,1003,850,284,A,G,Agt/Ggt,S/G,,1e-06
ENSG00000256269,ENST00000652429,Transcript,missense_variant,chr11,119092960,1004,851,284,G,A,aGt/aAt,S/N,3.98e-06,2.1e-05
ENSG00000256269,ENST00000652429,Transcript,missense_variant,chr11,119092963,1007,854,285,T,G,cTa/cGa,L/R,1.59e-05,1e-06
ENSG00000256269,ENST00000652429,Transcript,missense_variant,chr11,119092966,1010,857,286,A,G,gAc/gGc,D/G,,2e-06
ENSG00000256269,ENST00000652429,Transcript,missense_variant,chr11,119092968,1012,859,287,G,A,Ggc/Agc,G/S,3.98e-06,1e-06
ENSG00000256269,ENST00000652429,Transcript,missense_variant,chr11,119092977,1021,868,290,A,G,Agc/Ggc,S/G,,3e-06
ENSG00000256269,ENST00000652429,Transcript,missense_variant,chr11,119092978,1022,869,290,G,C,aGc/aCc,S/T,,1e-06
ENSG00000256269,ENST00000652429,Transcript,missense_variant,chr11,119092979,1023,870,290,C,G,agC/agG,S/R,,3e-06
ENSG00000256269,ENST00000652429,Transcript,missense_variant,chr11,119092980,1024,871,291,A,G,Ata/Gta,I/V,3.98e-06,1e-06
ENSG00000256269,ENST00000652429,Transcript,missense_variant,chr11,119092981,1025,872,291,T,C,aTa/aCa,I/T,,2e-06
ENSG00000256269,ENST00000652429,Transcript,missense_variant,chr11,119092986,1030,877,293,G,C,Gag/Cag,E/Q,,1e-06
ENSG00000256269,ENST00000652429,Transcript,missense_variant,chr11,119092993,1037,884,295,T,C,aTg/aCg,M/T,,1e-06
ENSG00000256269,ENST00000652429,Transcript,missense_variant,chr11,119092994,1038,885,295,G,A,atG/atA,M/I,1.59e-05,0.000122
ENSG00000256269,ENST00000652429,Transcript,missense_variant,chr11,119092996,1040,887,296,A,G,cAg/cGg,Q/R,7.95e-06,1.5e-05
ENSG00000256269,ENST00000652429,Transcript,missense_variant,chr11,119092998,1042,889,297,G,T,Gct/Tct,A/S,7.95e-06,2e-06
ENSG00000256269,ENST00000652429,Transcript,missense_variant,chr11,119092999,1043,890,297,C,G,gCt/gGt,A/G,,1e-06
ENSG00000256269,ENST00000652429,Transcript,missense_variant,chr11,119093002,1046,893,298,C,T,aCc/aTc,T/I,,8e-06
ENSG00000256269,ENST00000652429,Transcript,missense_variant,chr11,119093010,1054,901,301,G,A,Gtc/Atc,V/I,,1e-06
ENSG00000256269,ENST00000652429,Transcript,missense_variant,chr11,119093016,1060,907,303,G,T,Gcc/Tcc,A/S,,1e-06
ENSG00000256269,ENST00000652429,Transcript,"missense_variant,splice_region_variant",chr11,119093112,1068,915,305,T,G,caT/caG,H/Q,,1e-06
ENSG00000256269,ENST00000652429,Transcript,missense_variant,chr11,119093119,1075,922,308,G,A,Ggc/Agc,G/S,3.98e-06,4e-06
ENSG00000256269,ENST00000652429,Transcript,missense_variant,chr11,119093120,1076,923,308,G,A,gGc/gAc,G/D,,2e-06
ENSG00000256269,ENST00000652429,Transcript,missense_variant,chr11,119093122,1078,925,309,C,T,Cct/Tct,P/S,4.37e-05,3.1e-05
ENSG00000256269,ENST00000652429,Transcript,missense_variant,chr11,119093123,1079,926,309,C,G,cCt/cGt,P/R,1.19e-05,4e-06
ENSG00000256269,ENST00000652429,Transcript,missense_variant,chr11,119093125,1081,928,310,G,A,Gag/Aag,E/K,,1e-06
ENSG00000256269,ENST00000652429,Transcript,missense_variant,chr11,119093141,1097,944,315,T,C,tTg/tCg,L/S,,1e-06
ENSG00000256269,ENST00000652429,Transcript,missense_variant,chr11,119093143,1099,946,316,G,A,Gta/Ata,V/I,,1e-06
ENSG00000256269,ENST00000652429,Transcript,missense_variant,chr11,119093144,1100,947,316,T,C,gTa/gCa,V/A,6.36e-05,1.4e-05
ENSG00000256269,ENST00000652429,Transcript,missense_variant,chr11,119093155,1111,958,320,G,A,Gct/Act,A/T,,1e-06
ENSG00000256269,ENST00000652429,Transcript,missense_variant,chr11,119093158,1114,961,321,C,T,Cgt/Tgt,R/C,1.19e-05,1.1e-05
ENSG00000256269,ENST00000652429,Transcript,missense_variant,chr11,119093165,1121,968,323,T,C,aTt/aCt,I/T,,3e-06
ENSG00000256269,ENST00000652429,Transcript,missense_variant,chr11,119093168,1124,971,324,C,A,cCa/cAa,P/Q,,1e-06
ENSG00000256269,ENST00000652429,Transcript,missense_variant,chr11,119093171,1127,974,325,G,A,cGa/cAa,R/Q,1.59e-05,9e-06
ENSG00000256269,ENST00000652429,Transcript,missense_variant,chr11,119093176,1132,979,327,C,T,Ccc/Tcc,P/S,1.59e-05,8e-06
ENSG00000256269,ENST00000652429,Transcript,missense_variant,chr11,119093177,1133,980,327,C,T,cCc/cTc,P/L,,2e-06
ENSG00000256269,ENST00000652429,Transcript,missense_variant,chr11,119093182,1138,985,329,T,G,Ttg/Gtg,L/V,,1e-06
ENSG00000256269,ENST00000652429,Transcript,missense_variant,chr11,119093188,1144,991,331,G,A,Gcc/Acc,A/T,,1e-06
ENSG00000256269,ENST00000652429,Transcript,missense_variant,chr11,119093189,1145,992,331,C,T,gCc/gTc,A/V,3.18e-05,5e-06
ENSG00000256269,ENST00000652429,Transcript,missense_variant,chr11,119093212,1168,1015,339,G,A,Gcc/Acc,A/T,,2e-06
ENSG00000256269,ENST00000652429,Transcript,missense_variant,chr11,119093228,1184,1031,344,G,A,aGc/aAc,S/N,,3e-06
ENSG00000256269,ENST00000652429,Transcript,missense_variant,chr11,119093229,1185,1032,344,C,G,agC/agG,S/R,,1e-06
ENSG00000256269,ENST00000652429,Transcript,missense_variant,chr11,119093231,1187,1034,345,A,G,aAa/aGa,K/R,3.98e-06,3e-06
ENSG00000256269,ENST00000652429,Transcript,missense_variant,chr11,119093232,1188,1035,345,A,T,aaA/aaT,K/N,,7e-06
ENSG00000256269,ENST00000652429,Transcript,missense_variant,chr11,119093236,1192,1039,347,G,C,Gcc/Ccc,A/P,,1e-06
ENSG00000256269,ENST00000652429,Transcript,missense_variant,chr11,119093243,1199,1046,349,A,C,aAc/aCc,N/T,,1e-06
ENSG00000256269,ENST00000652429,Transcript,missense_variant,chr11,119093251,1207,1054,352,G,A,Gat/Aat,D/N,3.98e-06,1e-06
ENSG00000256269,ENST00000652429,Transcript,missense_variant,chr11,119093254,1210,1057,353,G,A,Gtt/Att,V/I,1.59e-05,8e-06
ENSG00000256269,ENST00000652429,Transcript,missense_variant,chr11,119093261,1217,1064,355,G,A,cGg/cAg,R/Q,3.58e-05,0.00011
ENSG00000256269,ENST00000652429,Transcript,missense_variant,chr11,119093264,1220,1067,356,A,C,cAg/cCg,Q/P,,1e-06
ENSG00000256269,ENST00000652429,Transcript,missense_variant,chr11,119093270,1226,1073,358,A,G,aAc/aGc,N/S,,1e-06
ENSG00000256269,ENST00000652429,Transcript,missense_variant,chr11,119093272,1228,1075,359,G,A,Gat/Aat,D/N,9.56e-05,5.2e-05
ENSG00000256269,ENST00000652429,Transcript,missense_variant,chr11,119093273,1229,1076,359,A,T,gAt/gTt,D/V,,3e-06
