Curated percentages of enzymatic activity expressed as a ratio between variant and wild-type HMBS activity ,,,,
HGVS,wt aa,pos,mut aa,activity relative to wt (%)
p.Arg26Cys,Arg,26,Cys,5
p.Arg26His,Arg,26,His,3
p.Ser28Asn,Ser,28,Asn,4
p.Leu30Phe,Leu,30,Phe,3
p.Thr35Met,Thr,35,Met,11
p.Ser96Phe,Ser,96,Phe,3
p.Gly111Arg,Gly,111,Arg,4
p.Arg116Trp,Arg,116,Trp,4
p.Val124Asp,Val,124,Asp,4
p.Arg149Gln,Arg,149,Gln,5
p.Arg149Leu,Arg,149,Leu,5
p.Arg173Gln,Arg,173,Gln,4
p.Glu250Ala,Glu,250,Ala,4
p.Val267Met,Val,267,Met,4
p.Val215Glu,Val,215,Glu,30
p.Arg173Trp,Arg,173,Trp,0.6
p.Arg116Trp,Arg,116,Trp,0.5
p.Arg167Trp,Arg,167,Trp,4.2
p.Leu30Pro,Leu,30,Pro,0.2
p.Lys132Asn,Lys,132,Asn,95
p.Lys132Asn,Lys,132,Asn,0.66
p.Gly24Ser,Gly,24,Ser,0.07
p.Arg26Cys,Arg,26,Cys,0
p.Arg26His,Arg,26,His,0
p.Ser28Asn,Ser,28,Asn,0.01
p.Leu30Pro,Leu,30,Pro,0
p.Ala31Pro,Ala,31,Pro,0.01
p.Arg32Pro,Arg,32,Pro,1
p.Gln34Arg,Gln,34,Arg,0.01
p.Gln34Lys,Gln,34,Lys,0
p.Gln34Pro,Gln,34,Pro,0.01
p.Thr35Met,Thr,35,Met,0.04
p.Thr59Ile,Thr,59,Ile,81
p.Phe77Leu,Phe,77,Leu,0
p.Thr78Pro,Thr,78,Pro,0.03
p.Glu80Gly,Glu,80,Gly,0.02
p.Glu86Val,Glu,86,Val,0.93
p.Val93Phe,Val,93,Phe,0.01
p.Ser96Phe,Ser,96,Phe,0.01
p.Lys98Asn,Lys,98,Asn,1
p.Lys98Arg,Lys,98,Arg,0.01
p.Asp99Gly,Asp,99,Gly,0.03
p.Asp99His,Asp,99,His,0.03
p.Ala112Pro,Ala,112,Pro,0
p.Arg116Trp,Arg,116,Trp,0.01
p.Ala122Asp,Ala,122,Asp,0
p.Lys132Asn,Lys,132,Asn,0.97
p.Thr145Ile,Thr,145,Ile,0
p.Ser147Pro,Ser,147,Pro,0
p.Arg149Leu,Arg,149,Leu,0
p.Arg149Gln,Arg,149,Gln,0.01
p.Arg149Leu,Arg,149,Leu,0.05
p.Leu154Pro,Leu,154,Pro,0
p.Arg167Gln,Arg,167,Gln,0.01
p.Arg167Trp,Arg,167,Trp,0.02
p.Leu170Pro,Leu,170,Pro,1
p.Arg173Gln,Arg,173,Gln,0.01
p.Arg173Gln,Arg,173,Gln,0
p.Asp178Asn,Asp,178,Asn,0.81
p.Arg195Cys,Arg,195,Cys,0.03
p.Arg195Cys,Arg,195,Cys,0
p.Met212Val,Met,212,Val,0.02
p.Val215Met,Val,215,Met,0.19
p.Gln217His,Gln,217,His,0.05
p.Gly218Arg,Gly,218,Arg,0
p.Val224Glu,Val,224,Glu,0.01
p.Val235Glu,Val,235,Glu,0.03
p.Asp240Gly,Asp,240,Gly,0.05
p.Cys247Arg,Cys,247,Arg,0.02
p.Cys247Phe,Cys,247,Phe,0.11
p.Glu250Asp,Glu,250,Asp,0.01
p.Glu250Gln,Glu,250,Gln,0.02
p.His256Tyr,His,256,Tyr,0.05
p.leu278Pro,leu,278,Pro,1.22
p.Arg321His,Arg,321,His,0.96
p.Gly335Ser,Gly,335,Ser,0.03
p.Ala347Pro,Ala,347,Pro,51
p.Asp359Asn,Asp,359,Asn,0.93
p.Met1Ile,Met,1,Ile,1
p.Arg167Gln,Arg,167,Gln,1
p.Arg167Trp,Arg,167,Trp,3
p.Arg195Cysys,Arg,195,Cysys,3
p.Ala252Val,Ala,252,Val,61
p.Ala331Val,Ala,331,Val,62
p.Thr59Ile,Thr,59,Ile,77
p.Asp230Tyr,Asp,230,Tyr,88
p.Asp359Asn,Asp,359,Asn,86
p.Glylu86Val,Glylu,86,Val,94
p.Arg225Gln,Arg,225,Gln,102
p.Arg321His,Arg,321,His,122
p.Leu161Pro,Leu,161,Pro,1
p.Arg251Ser,Arg,251,Ser,1
p.Ala122Pro,Ala,122,Pro,2
p.Asn118Lys,Asn,118,Lys,73
p.Gly3Val,Gly,3,Val,34
p.Arg164Gly,Arg,164,Gly,61
p.Ile71Thr,Ile,71,Thr,62
p.Gly72Arg,Gly,72,Arg,69
p.Gly221Ser,Gly,221,Ser,69
p.Ile54Leu,Ile,54,Leu,71
p.Gly274Ala,Gly,274,Ala,72
p.Val282Leu,Val,282,Leu,73
p.Lys115Gln,Lys,115,Gln,76
p.Gly111Ala,Gly,111,Ala,76
p.Ala297Ser,Ala,297,Ser,76
p.Arg321Cys,Arg,321,Cys,77
p.Asp273Gly,Asp,273,Gly,78
p.Ala9Glylu,Ala,9,Glylu,79
p.Pro309Ser,Pro,309,Ser,79
p.Thr10Met,Thr,10,Met,79
p.Arg355Trp,Arg,355,Trp,80
p.Arg22Cys,Arg,22,Cys,80
p.Arg164Ser,Arg,164,Ser,81
p.Pro159Leu,Pro,159,Leu,81
p.Ile205Met,Ile,205,Met,83
p.Glu242Lys,Glu,242,Lys,83
p.Pro127Ala,Pro,127,Ala,84
p.Thr10Lys,Thr,10,Lys,86
p.Pro127Gln,Pro,127,Gln,87
p.Lys132Asn,Lys,132,Asn,87
p.Ser45Leu,Ser,45,Leu,88
p.Arg325Gln,Arg,325,Gln,88
p.Gln296Arg,Gln,296,Arg,92
p.Asp65His,Asp,65,His,93
p.His256Gln,His,256,Gln,93
p.His120Asn,His,120,Asn,95
p.Ser262Asn,Ser,262,Asn,96
p.Arg32Cysys,Arg,32,Cysys,98
p.Arg355Gln,Arg,355,Gln,98
p.Lys348Arg,Lys,348,Arg,100
p.Glu86Lys,Glu,86,Lys,104
p.Glu12Ala,Glu,12,Ala,106
p.Arg246His,Arg,246,His,122
p.Val237Met,Val,237,Met,128
p.Arg246Cys,Arg,246,Cys,130
p.Gly3Ser,Gly,3,Ser,211